OBJVAL,slug,feature_ty,area
Wald,rhein_hemishofen_stolll,r,"1384309"
Wald,unterdsee_ermatingen_brunkem,l,"258200"
Wald,rhein_eglisau_gomringerp,r,"4307"
Wald,rhein_eglisau_gomringerp,r,"341147"
Wald,rhein_eglisau_gomringerp,r,"565668"
Wald,rhein_eglisau_gomringerp,r,"164482"
Wald,rhein_eglisau_gomringerp,r,"514460"
Wald,birs_basel_laderachs,r,"696958"
Wald,birskopfli-rusco,r,"3084"
Wald,birs_basel_grunern,r,"530107"
Wald,aare-limmatspitz,r,"467588"
Wald,toss_winterthur-2,r,"1038531"
Wald,murg_waengi_strickerr,r,"1141"
Wald,birs_reinach_dinuccin,r,"498587"
Wald,aare-limmatspitz,r,"78945"
Wald,aare_brugg_buchie,r,"262"
Wald,toss_winterthur-2,r,"156189"
Wald,aare-limmatspitz,r,"841074"
Wald,aare_brugg_buchie,r,"771493"
Wald,aare-limmatspitz,r,"400566"
Wald,aare_brugg_buchie,r,"585397"
Wald,murg_waengi_strickerr,r,"69265"
Wald,goldach_goldach_schlachterj,r,"247767"
Wald,toss_winterthur-2,r,"2736129"
Wald,toss_kollbrunn_burgid,r,"1765527"
Wald,grendelbach_effretikon_dambonec,r,"950865"
Wald,murg_waengi_strickerr,r,"27697"
Wald,birs_reinach_dinuccin,r,"787773"
Wald,aare_brugg_buchie,r,"219582"
Wald,toss_kollbrunn_burgid,r,"1234725"
Wald,bodensee_thal_schlachterj_1,l,"103774"
Wald,bodensee_altenrhein_caluoria,l,"81169"
Wald,goldach_goldach_schlachterj,r,"168082"
Wald,toss_kollbrunn_burgid,r,"145094"
Wald,thur_schwarzenbach_meiliw,r,"393571"
Wald,katzensee_regensdorfzuerichaffoltern_stueberj,l,"57499"
Wald,thur_schwarzenbach_meiliw,r,"9160"
Wald,thur_schwarzenbach_meiliw,r,"164833"
Wald,thur_schwarzenbach_meiliw,r,"130555"
Wald,sitter_gaiserwald_buehlerf,r,"114040"
Wald,grendelbach_effretikon_dambonec,r,"455620"
Wald,aare_rupperswil_badert,r,"4207375"
Wald,katzensee_regensdorfzuerichaffoltern_stueberj,l,"523050"
Wald,sitter_stgallen_jennya,r,"70688"
Wald,sitter_gaiserwald_buehlerf,r,"232963"
Wald,katzensee_regensdorfzuerichaffoltern_stueberj,l,"128473"
Wald,grendelbach_effretikon_dambonec,r,"195806"
Wald,sitter_stgallen_jennya,r,"460648"
Wald,urnaesch_urnaesch_meierr,r,"167029"
Wald,sitter_stgallen_jennya,r,"237711"
Wald,limmat_unterengstringen_oggierbuhrer,r,"497025"
Wald,limmat_zuerich_wagnerc,r,"219720"
Wald,limmat_zurich_mortensena_meiera,r,"179930"
Wald,limmat_zuerich_jansena,r,"124704"
Wald,katzensee_regensdorfzuerichaffoltern_stueberj,l,"532759"
Wald,glatt_oerlikon_covosn,r,"72803"
Wald,sitter_stgallen_jennya,r,"66249"
Wald,grendelbach_effretikon_dambonec,r,"283278"
Wald,sorne_birse_wwfjura,r,"356638"
Wald,limmat_unterengstringen_oggierbuhrer,r,"8196"
Wald,limmat_zuerich_wagnerc,r,"281799"
Wald,limmat_zurich_mortensena_meiera,r,"78995"
Wald,limmat_zuerich_jansena,r,"83960"
Wald,aare_suhrespitz_badert,r,"392396"
Wald,chriesbach_duebendorf_schneidera,r,"180543"
Wald,limmat_zuerich_suterdglauserp,r,"885970"
Wald,limmat_dietikon_keiserp,r,"553056"
Wald,limmat_unterengstringen_oggierbuhrer,r,"73538"
Wald,aare_suhrespitz_badert,r,"366181"
Wald,limmat_dietikon_keiserp,r,"41736"
Wald,aare_suhrespitz_badert,r,"126365"
Wald,aare_suhrespitz_badert,r,"46404"
Wald,limmat_dietikon_keiserp,r,"119570"
Wald,greifensee_greifensee_simmenc,l,"110091"
Wald,toss_bauma_kurthe,r,"642613"
Wald,toss_bauma_kurthe,r,"437880"
Wald,greifensee_fallanden_meistery,l,"552381"
Wald,greifensee_fallanden_simmenc,l,"479048"
Wald,toss_bauma_kurthe,r,"26750"
Wald,greifensee_fallanden_meistery,l,"698917"
Wald,greifensee_fallanden_simmenc,l,"755181"
Wald,reuss,r,"717357"
Wald,urnaesch_urnaesch_meierr,r,"230521"
Wald,greifensee_greifensee_simmenc,l,"37448"
Wald,greifensee_uster_fischerb_-2,l,"467399"
Wald,greifensee_uster_fischerb_1,l,"467399"
Wald,zuerichsee_zurich_kullg,l,"76795"
Wald,zurichsee-feldeggstr-banningersand,l,"8052"
Wald,urnaesch_urnaesch_meierr,r,"175165"
Wald,urnaesch_urnaesch_meierr,r,"6197"
Wald,zurichsee_kusnachterhorn_thirkell-whitej,l,"75591"
Wald,kusnachter-dorfbach-tobelweg-1-4,r,"239902"
Wald,reuss,r,"110870"
Wald,reuss,r,"444599"
Wald,urnaesch_urnaesch_meierr,r,"168815"
Wald,reuss,r,"446936"
Wald,greifensee_maur_simmenc,l,"12622"
Wald,zurichsee_wollishofen_langendorfm,l,"6425"
Wald,sihl_zuerich_eichenbergerd,r,"423901"
Wald,sihl_zurich_himmelhebern,r,"254932"
Wald,sihl_leimbach_kruegerm,r,"515766"
Wald,sihl_adliswil_oggi_fort,r,"38622"
Wald,urnaesch_urnaesch_meierr,r,"205554"
Wald,greifensee_maur_simmenc,l,"747761"
Wald,urnaesch_urnaesch_meierr,r,"444724"
Wald,urnaesch_urnaesch_meierr,r,"6898"
Wald,zurichsee_kusnachterhorn_thirkell-whitej,l,"104864"
Wald,kusnachter-dorfbach-tobelweg-1-4,r,"695441"
Wald,reuss,r,"193131"
Wald,greifensee_maur_simmenc,l,"44"
Wald,sihl_adliswil_oggi_fort,r,"308679"
Wald,sihl_adliswil_oggi_fort,r,"1577"
Wald,pfaffner_rothrist_ischik,r,"248304"
Wald,pfaffner_rothrist_ischik,r,"1267515"
Wald,jona_tann_nusslin,r,"74601"
Wald,toss_bauma_kurthe,r,"1630986"
Wald,pfaffner_rothrist_ischik,r,"127050"
Wald,zuerichsee_maennedorf_vanderkaadene,l,"2509"
Wald,jona_tann_nusslin,r,"72213"
Wald,jona_tann_nusslin,r,"435188"
Wald,jona_tann_nusslin,r,"245464"
Wald,evole-plage,l,"674736"
Wald,plage-de-serriere,l,"626960"
Wald,mullermatte,l,"2161999"
Wald,schusspark-strand,r,"553416"
Wald,spackmatt,r,"1275369"
Wald,strandboden-biel,l,"1659605"
Wald,nidau-strand,l,"767344"
Wald,camp-des-peches,l,"118928"
Wald,ligerz-strand,l,"950160"
Wald,hauterive-petite-plage,l,"835652"
Wald,la-robella,p,"3786316"
Wald,sorne_birse_wwfjura,r,"776323"
Wald,sihl_zuerich_eichenbergerd,r,"2209938"
Wald,sihl_zurich_himmelhebern,r,"1933358"
Wald,sihl_leimbach_kruegerm,r,"1277256"
Wald,sihl_adliswil_oggi_fort,r,"724952"
Wald,reuss_hunenberg_eberhardy,r,"94343"
Wald,gasi-strand,l,"168474"
Wald,linthdammweg,r,"928580"
Wald,seeflechsen,l,"261391"
Wald,flibach-river-right-bank,l,"1037111"
Wald,linth_mollis,r,"795398"
Wald,zuerichsee_staefa_hennm,l,"46301"
Wald,reuss_hunenberg_eberhardy,r,"14932"
Wald,zuerichsee_staefa_hennm,l,"330558"
Wald,schmerikon-bahnhof-strand,l,"369716"
Wald,aabach,l,"216320"
Wald,schmerikon-bahnhof-strand,l,"454242"
Wald,aabach,l,"418742"
Wald,spackmatt,r,"28700"
Wald,langete_langenthal_geiserm,r,"1277816"
Wald,langete_langenthal_geiserm,r,"73441"
Wald,spackmatt,r,"95520"
Wald,schmerikon-bahnhof-strand,l,"437005"
Wald,aabach,l,"1202616"
Wald,reuss_hunenberg_eberhardy,r,"9031"
Wald,spackmatt,r,"72188"
Wald,zuerichsee_richterswil_benkoem_2,l,"434524"
Wald,zuerichsee_waedenswil_colomboc_1,l,"434524"
Wald,lorze_baar_blarere,r,"2080803"
Wald,spackmatt,r,"145299"
Wald,spackmatt,r,"114653"
Wald,sihl_menzingen_kucharska_magdalena,r,"396979"
Wald,pfafikon-bad,l,"181034"
Wald,pfafikon-bad,l,"63250"
Wald,aare-solothurn-lido-strand,r,"1858957"
Wald,aare_solothurn_nguyena,r,"1812111"
Wald,pfafikon-bad,l,"69591"
Wald,lorze_baar_blarere,r,"105846"
Wald,sihl_menzingen_kucharska_magdalena,r,"87981"
Wald,sihl_menzingen_kucharska_magdalena,r,"495142"
Wald,emme_utzenstorf_gruttert,r,"11669"
Wald,emme_biberist_jennim,r,"1580335"
Wald,emme_biberist_jennim,r,"180569"
Wald,schusspark-strand,r,"13462"
Wald,gasi-strand,l,"134675"
Wald,linthdammweg,r,"170366"
Wald,seeflechsen,l,"170366"
Wald,flibach-river-right-bank,l,"170366"
Wald,linth_mollis,r,"170366"
Wald,linthdammweg,r,"61737"
Wald,linth_mollis,r,"405"
Wald,aare-port,r,"148600"
Wald,schusspark-strand,r,"673803"
Wald,brugg-be-buren-bsg-standort,r,"813691"
Wald,aare_post,r,"165099"
Wald,emme_utzenstorf_gruttert,r,"909087"
Wald,walensee_walenstadt_wysse,l,"717251"
Wald,mols-rocks,l,"621899"
Wald,seemuhlestrasse-strand,l,"25700"
Wald,seez_spennwiesenbrucke,r,"717251"
Wald,seez,r,"717251"
Wald,sempachersee_sempach_tampec,l,"135338"
Wald,untertenzen,l,"30840"
Wald,muhlehorn-dorf,l,"150082"
Wald,emme_utzenstorf_gruttert,r,"594555"
Wald,murg-bad,l,"59455"
Wald,zugersee_immensee_guedesd,l,"1630549"
Wald,sempachersee_sempach_tampec,l,"1028"
Wald,aare-port,r,"2180497"
Wald,brugg-be-buren-bsg-standort,r,"890011"
Wald,aare_post,r,"2183636"
Wald,schutzenmatte,r,"359356"
Wald,ligerz-strand,l,"290914"
Wald,reuss_stkarli_linigersimhofy,r,"96077"
Wald,reuss_stkarli_linigersimhofy,r,"400832"
Wald,bielersee_vinelz_fankhausers,l,"167875"
Wald,luscherz-plage,l,"1415475"
Wald,luscherz-two,l,"1712936"
Wald,beich,r,"32455"
Wald,vierwaldstattersee_weggis_schoberls_1,l,"84707"
Wald,vierwaldstattersee_weggis_schoberls_2,l,"84707"
Wald,beich,r,"554628"
Wald,reuss_stkarli_linigersimhofy,r,"653704"
Wald,reuss_stkarli_linigersimhofy,r,"35077"
Wald,vierwaldstattersee_weggis_schoberls_1,l,"157472"
Wald,vierwaldstattersee_weggis_schoberls_2,l,"186085"
Wald,vierwaldstattersee_weggis_schoberls_3,l,"266570"
Wald,beich,r,"669175"
Wald,bielersee_vinelz_fankhausers,l,"195155"
Wald,luscherz-plage,l,"483229"
Wald,luscherz-two,l,"442344"
Wald,bielersee_vinelz_fankhausers,l,"140794"
Wald,erlach-camping-strand,l,"365887"
Wald,camp-des-peches,l,"266420"
Wald,gals-reserve,l,"1127391"
Wald,beich,r,"237099"
Wald,aare_bern_gerberm,r,"80261"
Wald,gummligrabbe,r,"45317"
Wald,mannewil,r,"97600"
Wald,gasi-strand,l,"1648652"
Wald,walensee_walenstadt_wysse,l,"38037"
Wald,untertenzen,l,"475758"
Wald,linthdammweg,r,"352814"
Wald,mols-rocks,l,"1247239"
Wald,seeflechsen,l,"1284472"
Wald,muhlehorn-dorf,l,"1489578"
Wald,murg-bad,l,"1208672"
Wald,flibach-river-right-bank,l,"810102"
Wald,linth_route9brucke,r,"2131202"
Wald,seez_spennwiesenbrucke,r,"845633"
Wald,linth_mollis,r,"573483"
Wald,seez,r,"251913"
Wald,gummligrabbe,r,"1068357"
Wald,mannewil,r,"2754655"
Wald,aare_bern_gerberm,r,"7318"
Wald,hauterive-petite-plage,l,"96968"
Wald,aare_bern_gerberm,r,"726564"
Wald,bern-fahrstrasse,r,"1467657"
Wald,aare_bern_scheurerk,r,"1386892"
Wald,aarezufluss_bern_scheurerk,r,"1387810"
Wald,impromptu_cudrefin,l,"451940"
Wald,neuenburgersee_cudrefin_mattera,l,"360428"
Wald,bern-fahrstrasse,r,"437683"
Wald,aare_bern_scheurerk,r,"141030"
Wald,aarezufluss_bern_scheurerk,r,"130173"
Wald,neuenburgersee_cudrefin_mattera,l,"38978"
Wald,pointe-dareuse,l,"252775"
Wald,aare_koniz_hoppej,r,"391295"
Wald,bern-tiergarten,r,"391295"
Wald,aare_elfenau_cataldiv,r,"391295"
Wald,aare_kehrsatz_stolten,r,"82025"
Wald,aare_elfenau_cataldiv,r,"34019"
Wald,aare_bern_caveltin,r,"44322"
Wald,aare_koniz_hoppej,r,"410553"
Wald,bern-tiergarten,r,"299731"
Wald,aare_kehrsatz_stolten,r,"503213"
Wald,aare_elfenau_cataldiv,r,"618693"
Wald,aare_bern_caveltin,r,"809237"
Wald,aare_kehrsatz_stolten,r,"0"
Wald,aare_koniz_hoppej,r,"211361"
Wald,bern-tiergarten,r,"437011"
Wald,aare_elfenau_cataldiv,r,"237611"
Wald,aare_koniz_hoppej,r,"57732"
Wald,bern-tiergarten,r,"93199"
Wald,aare_elfenau_cataldiv,r,"171984"
Wald,aare_bern_caveltin,r,"305560"
Wald,oberi-chlihochstetten,r,"1264321"
Wald,aare_kehrsatz_stolten,r,"130434"
Wald,oberi-chlihochstetten,r,"16754"
Wald,sense_torishaus_g-cubes,r,"263405"
Wald,nouvelle-plage,l,"349747"
Wald,sense_torishaus_g-cubes,r,"353259"
Wald,sense_torishaus_g-cubes,r,"86960"
Wald,rhein_domatems_foppa_f,r,"31304"
Wald,vorderrhein_disentis_schmidn,r,"3185193"
Wald,rhein_domatems_foppa_f,r,"18453"
Wald,plage-de-cheyres,l,"131886"
Wald,ruisseau-de-la-croix-plage,l,"131886"
Wald,plage-de-cheyres,l,"3541"
Wald,ruisseau-de-la-croix-plage,l,"129528"
Wald,la-petite-plage,l,"479729"
Wald,signalpain,l,"267288"
Wald,la-petite-plage,l,"54166"
Wald,signalpain,l,"221305"
Wald,pecos-plage,l,"363417"
Wald,zulg_steffisburg_schmassmanne,r,"27211"
Wald,zulg_steffisburg_schmassmanne,r,"45023"
Wald,zulg_steffisburg_schmassmanne,r,"251830"
Wald,wycheley,l,"140674"
Wald,delta-park,l,"219468"
Wald,camping-gwatt-strand,l,"218381"
Wald,thunersee_spiez_meierd_1,l,"636878"
Wald,delta-park,l,"590914"
Wald,camping-gwatt-strand,l,"293005"
Wald,vorderrhein_disentis_schmidn,r,"44447"
Wald,thunersee_spiez_meierd_1,l,"34693"
Wald,augustmutzenbergstrandweg,l,"166664"
Wald,la-berra,p,"13458"
Wald,augustmutzenbergstrandweg,l,"199284"
Wald,augustmutzenbergstrandweg,l,"262035"
Wald,la-berra,p,"3861047"
Wald,charmey,p,"638959"
Wald,andermatt,p,"185216"
Wald,charmey,p,"867514"
Wald,tiger-duck-beach,l,"56567"
Wald,parc-des-pierrettes,l,"56567"
Wald,plage-de-st-sulpice,l,"56567"
Wald,vidy-ruines,l,"5161"
Wald,plage-de-dorigny,l,"56567"
Wald,lacleman_vidy_santie,l,"56567"
Wald,preverenges,l,"87979"
Wald,preverenges-le-sout,l,"142439"
Wald,saint-sulpice,l,"178933"
Wald,tiger-duck-beach,l,"100822"
Wald,parc-des-pierrettes,l,"100822"
Wald,plage-de-st-sulpice,l,"61873"
Wald,vidy-ruines,l,"100822"
Wald,plage-de-dorigny,l,"100822"
Wald,vidy,l,"100822"
Wald,lacleman_vidy_santie,l,"100822"
Wald,airolo,p,"188628"
Wald,les-paccots,p,"2060389"
Wald,les-paccots,p,"481329"
Wald,preverenges,l,"115637"
Wald,preverenges-le-sout,l,"115637"
Wald,saint-sulpice,l,"115637"
Wald,cully-plage,l,"260771"
Wald,boiron,l,"9300"
Wald,tolochenaz,l,"14438"
Wald,boiron,l,"104484"
Wald,tolochenaz,l,"104484"
Wald,san-bernardino,p,"3416382"
Wald,la-pecherie,l,"14723"
Wald,la-pecherie,l,"382106"
Wald,san-bernardino,p,"665834"
Wald,lacleman_gland_lecoanets,l,"664417"
Wald,lacleman_gland_kubela,l,"664417"
Wald,lacleman_gland_lecoanets,l,"79035"
Wald,lacleman_gland_kubela,l,"80318"
Wald,lacleman_gland_lecoanets,l,"578210"
Wald,lacleman_gland_kubela,l,"578886"
Wald,villars,p,"440135"
Wald,versoix,l,"34628"
Wald,airolo,p,"1897929"
Wald,versoix,l,"85527"
Wald,les-vieux-ronquoz,r,"36619"
Wald,les-vieux-ronquoz,r,"779472"
Wald,pont-sous-terre,r,"247205"
Wald,leuk-mattenstrasse,r,"2232675"
Wald,tschilljus,r,"2964701"
Wald,golene-gudo,r,"458978"
Wald,veysonnaz,p,"17011"
Wald,magadino-lido,l,"230827"
Wald,la-tzoumaz,p,"48687"
Wald,verbier,p,"88237"
Wald,verbier,p,"234960"
Wald,caprino,l,"2517214"
Wald,foce-del-cassarate,r,"52"
Wald,lido,l,"867"
Wald,monte-generoso,p,"2118812"
Wald,lido,l,"16"
Fels,gasi-strand,l,"1062"
Fels,flibach-river-right-bank,l,"89955"
Fels,seemuhlestrasse-strand,l,"97012"
Fels,schusspark-strand,r,"43223"
Fels,seemuhlestrasse-strand,l,"133714"
Fels,gasi-strand,l,"55934"
Fels,seeflechsen,l,"60784"
Fels,flibach-river-right-bank,l,"26420"
Fels,linth_route9brucke,r,"44369"
Fels,linth_mollis,r,"33199"
Fels,mols-rocks,l,"160689"
Fels,seez_spennwiesenbrucke,r,"72532"
Fels,seez,r,"5287"
Fels,murg-bad,l,"2465"
Fels,ligerz-strand,l,"14224"
Fels,ligerz-strand,l,"215103"
Fels,ligerz-strand,l,"29148"
Fels,schutzenmatte,r,"84069"
Fels,gummligrabbe,r,"44230"
Fels,rhein_domatems_foppa_f,r,"7654"
Fels,sense_torishaus_g-cubes,r,"54242"
Fels,oben-am-see,l,"55522"
Fels,wycheley,l,"29081"
Fels,oben-am-see,l,"66589"
Fels,wycheley,l,"66589"
Fels,oben-am-see,l,"101252"
Fels,wycheley,l,"132327"
Fels,vorderrhein_disentis_schmidn,r,"35760"
Fels,vorderrhein_disentis_schmidn,r,"309254"
Fels,sundbach-strand,l,"175372"
Fels,weissenau-neuhaus,l,"126481"
Fels,sundbach-strand,l,"57340"
Fels,grindelwald,p,"114908"
Fels,grindelwald,p,"226769"
Fels,grindelwald,p,"20821"
Fels,grindelwald,p,"4724"
Fels,andermatt,p,"25114"
Fels,charmey,p,"844674"
Fels,andermatt,p,"591339"
Fels,andermatt,p,"51683"
Fels,andermatt,p,"31845"
Fels,airolo,p,"86831"
Fels,les-paccots,p,"605"
Fels,san-bernardino,p,"23060"
Fels,airolo,p,"215849"
Fels,val-calanca,p,"47444"
Fels,val-calanca,p,"553595"
Fels,crans-montana,p,"1405501"
Fels,val-calanca,p,"331957"
Fels,cabanes-des-diablerets,p,"18917"
Fels,val-calanca,p,"92224"
Fels,cabanes-des-diablerets,p,"74378"
Fels,val-calanca,p,"274223"
Fels,villars,p,"136297"
Fels,villars,p,"1262"
Fels,crans-montana,p,"161049"
Fels,villars,p,"27101"
Fels,villars,p,"63930"
Fels,leuk-mattenstrasse,r,"146967"
Fels,tschilljus,r,"3256"
Fels,tschilljus,r,"11534"
Fels,les-vieux-ronquoz,r,"16816"
Fels,lavey-les-bains-2,r,"338763"
Fels,lavey-la-source,r,"491808"
Fels,lavey-les-bains,r,"443035"
Fels,lavey-les-bains-2,r,"400735"
Fels,lavey-les-bains,r,"346829"
Fels,lavey-les-bains-2,r,"35489"
Fels,lavey-la-source,r,"35489"
Fels,lavey-les-bains,r,"35489"
Fels,les-crosets,p,"300"
Fels,lavey-la-source,r,"205611"
Fels,les-crosets,p,"25331"
Fels,les-crosets,p,"110793"
Fels,les-crosets,p,"115979"
Fels,les-glariers,r,"754541"
Fels,la-tzoumaz,p,"11801"
Fels,les-crosets,p,"56518"
Fels,nendaz,p,"40173"
Fels,ascona-traghetto-spiaggia,l,"96418"
Fels,nendaz,p,"83845"
Fels,nendaz,p,"90924"
Fels,magadino-lido,l,"52551"
Fels,nendaz,p,"95708"
Fels,la-tzoumaz,p,"117146"
Fels,magadino-lido,l,"47523"
Fels,vira-gambarogno,l,"198705"
Fels,vira-spiaggia-left-of-river,l,"198705"
Fels,san-nazzaro-gambarogno,l,"44536"
Fels,san-nazzaro-gambarogno,l,"56839"
Fels,pacha-mama-gerra,l,"72218"
Fels,gerra-gambarogno,l,"72218"
Fels,caprino,l,"10587"
Fels,caprino,l,"307105"
Fels,caprino,l,"44472"
Fels,caprino,l,"40385"
Fels,monte-generoso,p,"1302905"
Fels,monte-generoso,p,"3009"
Fels,monte-generoso,p,"65790"
Geroell,wycheley,l,"16854"
Geroell,vorderrhein_disentis_schmidn,r,"11266"
Geroell,grindelwald,p,"161513"
Geroell,andermatt,p,"31788"
Geroell,andermatt,p,"896598"
Geroell,andermatt,p,"248501"
Geroell,airolo,p,"111509"
Geroell,san-bernardino,p,"435"
Geroell,crans-montana,p,"99568"
Geroell,cabanes-des-diablerets,p,"1219296"
Geroell,cabanes-des-diablerets,p,"636904"
Geroell,cabanes-des-diablerets,p,"216377"
Geroell,nendaz,p,"98736"
See,goldach_goldach_schlachterj,r,"47897"
See,katzensee_regensdorfzuerichaffoltern_stueberj,l,"146141"
See,katzensee_regensdorfzuerichaffoltern_stueberj,l,"183802"
Stausee,sitter_stgallen_jennya,r,"124072"
See,greifensee_greifensee_simmenc,l,"3708892"
See,greifensee_uster_fischerb_-2,l,"3025895"
See,greifensee_uster_fischerb_1,l,"2958896"
See,greifensee_fallanden_meistery,l,"2682108"
See,greifensee_maur_simmenc,l,"2785820"
See,greifensee_fallanden_simmenc,l,"2835138"
See,rastplatz-stampf,l,"4748179"
See,zuerichsee_richterswil_benkoem_2,l,"3700906"
See,pfafikon-bad,l,"3264571"
See,zurichsee_kusnachterhorn_thirkell-whitej,l,"3826766"
See,zurichsee_wollishofen_langendorfm,l,"2798806"
See,zurcher-strand,l,"1203137"
See,jona-river-rastplatz,r,"4467166"
See,zuerichsee_staefa_hennm,l,"3381862"
See,zuerichsee_waedenswil_colomboc_1,l,"3118754"
See,schmerikon-bahnhof-strand,l,"1432512"
See,aabach,l,"2098000"
See,kusnachter-dorfbach-tobelweg-1-4,r,"1534887"
See,strandbeiz,l,"4553337"
See,sihl_zurich_himmelhebern,r,"11162"
See,zuerichsee_zurich_kullg,l,"3314940"
See,zurichsee-feldeggstr-banningersand,l,"2179186"
See,sihl_zuerich_scherfs,r,"257413"
See,zuerichsee_maennedorf_vanderkaadene,l,"3100159"
See,greifensee_uster_fischerb_-2,l,"28274"
See,greifensee_uster_fischerb_1,l,"28274"
Stausee,reuss,r,"463433"
See,zugerseecholler_cham_blarerm,l,"3625513"
See,zugersee_immensee_guedesd,l,"4130313"
See,sempachersee_sempach_tampec,l,"2496965"
See,gasi-strand,l,"2247639"
See,walensee_walenstadt_wysse,l,"2168551"
See,untertenzen,l,"3628447"
See,linthdammweg,r,"520263"
See,mols-rocks,l,"2747181"
See,seeflechsen,l,"1553971"
See,seemuhlestrasse-strand,l,"2334970"
See,muhlehorn-dorf,l,"3239284"
See,murg-bad,l,"3933774"
See,flibach-river-right-bank,l,"1812830"
See,linth_route9brucke,r,"2600849"
See,seez_spennwiesenbrucke,r,"523883"
See,linth_mollis,r,"728564"
See,seez,r,"2053379"
See,mullermatte,l,"1373763"
See,bielersee_vinelz_fankhausers,l,"2302719"
See,erlach-camping-strand,l,"4248307"
See,luscherz-plage,l,"3648378"
See,strandboden-biel,l,"1200072"
See,nidau-strand,l,"1625147"
See,camp-des-peches,l,"1647963"
See,ligerz-strand,l,"3014596"
See,gals-reserve,l,"2498399"
See,luscherz-two,l,"3354121"
See,vierwaldstattersee_weggis_schoberls_1,l,"3004376"
See,vierwaldstattersee_weggis_schoberls_2,l,"3097402"
See,vierwaldstattersee_weggis_schoberls_3,l,"4138278"
See,reuss_stkarli_linigersimhofy,r,"55629"
See,hauterive-petite-plage,l,"11942"
See,gummligrabbe,r,"20446"
See,aare_koniz_hoppej,r,"11587"
See,aare_elfenau_cataldiv,r,"2389"
See,oberi-chlihochstetten,r,"72592"
See,oben-am-see,l,"1756471"
See,wycheley,l,"1639539"
See,hafeli,l,"2686156"
See,weissenau-neuhaus,l,"3357407"
See,thun-strandbad,l,"2721943"
See,thunersee_spiez_meierd_1,l,"3889032"
See,delta-park,l,"3371283"
See,sundbach-strand,l,"3117756"
See,camping-gwatt-strand,l,"3006170"
See,augustmutzenbergstrandweg,l,"2947694"
See,hafeli,l,"58474"
Stausee,thunersee_spiez_meierd_1,l,"9534"
Stausee,airolo,p,"27460"
See,tiger-duck-beach,l,"2597201"
See,villa-barton,l,"3641221"
See,parc-des-pierrettes,l,"3232441"
See,plage-de-st-sulpice,l,"3424953"
See,maladaire,l,"2729130"
See,preverenges,l,"3175054"
See,vidy-ruines,l,"3042548"
See,baby-plage-geneva,l,"2390265"
See,grand-clos,l,"3468765"
See,quai-maria-belgia,l,"3962870"
See,anarchy-beach,l,"4516746"
See,pont-sous-terre,r,"32162"
See,cully-plage,l,"2675055"
See,preverenges-le-sout,l,"3937405"
See,la-pecherie,l,"2947932"
See,oyonne,l,"2588720"
See,baby-plage-ii-geneve,l,"2491959"
See,le-pierrier,l,"3836439"
See,boiron,l,"4485929"
See,rocky-plage,l,"2664505"
See,lacleman_gland_lecoanets,l,"3349511"
See,baye-de-montreux-g,l,"4004966"
See,versoix,l,"3334886"
See,bain-des-dames,l,"3758044"
See,tolochenaz,l,"3223875"
See,arabie,l,"3629517"
See,plage-de-dorigny,l,"2628392"
See,veveyse,l,"3938632"
See,baye-de-montreux-d,l,"3987552"
See,vidy,l,"3381602"
See,baye-de-clarens,l,"3825141"
See,pierrier-sud,l,"3670877"
See,jardin-botanique,l,"2974114"
See,le-port,l,"3553380"
See,rolle-plage,l,"2987680"
See,saint-sulpice,l,"3730987"
See,lacleman_vidy_santie,l,"2553943"
See,lacleman_gland_kubela,l,"3336563"
See,ognonnaz-1,r,"1011474"
See,la-morges,l,"3618172"
See,san-bernardino,p,"15269"
See,villars,p,"12840"
See,villars,p,"10138"
See,villars,p,"11590"
See,villars,p,"44331"
See,tschilljus,r,"21312"
See,tschilljus,r,"14003"
See,tschilljus,r,"10359"
See,morgins,p,"4108"
See,isole-di-brissago-porto,l,"5992534"
See,magadino-lido,l,"2621239"
See,rivapiana,l,"3113564"
See,sentiero-giro-del-golf-spiaggia,l,"4421344"
See,vira-gambarogno,l,"3248429"
See,route-13,r,"6839"
See,ascona-traghetto-spiaggia,l,"2422401"
See,pacha-mama-gerra,l,"3706652"
See,gerra-gambarogno,l,"3335760"
See,san-nazzaro-gambarogno,l,"3260384"
See,vira-spiaggia-left-of-river,l,"3142026"
See,golene-gudo,r,"70536"
See,nendaz,p,"20672"
See,caprino,l,"3424521"
See,foce-del-cassarate,r,"2930785"
See,lido,l,"3075006"
See,lugano-centro,l,"1851254"
See,spiaggia-parco-ciani,l,"2853632"
See,lugano-centro,l,"172"
Stausee,gummligrabbe,r,"507394"
Stausee,mannewil,r,"490328"
Stausee,san-bernardino,p,"271842"
Fels,veysonnaz,p,"74066"
Wald,goldach_goldach_schlachterj,r,"52135"
Wald,bodensee_horn_huberm,l,"24862"
Wald,aare_bern_gerberm,r,"197077"
Wald,bern-fahrstrasse,r,"339568"
Fels,cabanes-des-diablerets,p,"2713607"
Fels,leuk-mattenstrasse,r,"332510"
Gletscher,cabanes-des-diablerets,p,"1266"
See,la-petite-plage,l,"2669988"
See,evole-plage,l,"2642271"
See,plage-de-serriere,l,"2789975"
See,plage-de-cheyres,l,"3411825"
See,signalpain,l,"2583874"
See,pointe-dareuse,l,"4445664"
See,pecos-plage,l,"2232361"
See,nouvelle-plage,l,"3608814"
See,ruisseau-de-la-croix-plage,l,"3544209"
See,hauterive-petite-plage,l,"2093887"
See,impromptu_cudrefin,l,"3217383"
See,neuenburgersee_cudrefin_mattera,l,"3125552"
Wald,veysonnaz,p,"1928204"
Wald,les-vieux-ronquoz,r,"141849"
Reben,la-pecherie,l,"112891"
Reben,via-brunari-spiaggia,r,"62301"
Reben,via-mirasole-spiaggia,r,"74905"
Reben,canale-saleggi,r,"74905"
Reben,golene-gudo,r,"395558"
Reben,leuk-mattenstrasse,r,"620057"
Reben,unterdsee_ermatingen_brunkem,l,"65327"
Reben,rhein_hemishofen_stolll,r,"126222"
Reben,unterdsee_ermatingen_brunkem,l,"39446"
Reben,rhein_eglisau_gomringerp,r,"132273"
Reben,rhein_eglisau_gomringerp,r,"33764"
Reben,limmat_dietikon_keiserp,r,"8362"
Reben,aare_rupperswil_badert,r,"20447"
Reben,zuerichsee_staefa_hennm,l,"279643"
Reben,preverenges,l,"77888"
Reben,preverenges-le-sout,l,"77888"
Reben,saint-sulpice,l,"77888"
Reben,boiron,l,"221266"
Reben,tolochenaz,l,"61930"
Reben,le-pierrier,l,"96122"
Reben,baye-de-clarens,l,"96122"
Reben,pierrier-sud,l,"96122"
Reben,les-vieux-ronquoz,r,"93406"
Reben,route-13,r,"37715"
Reben,sentiero-giro-del-golf-spiaggia,l,"115551"
Reben,route-13,r,"115551"
Reben,leuk-mattenstrasse,r,"55390"
Reben,leuk-mattenstrasse,r,"64994"
Reben,les-glariers,r,"2321507"
Reben,leuk-mattenstrasse,r,"35820"
Reben,tschilljus,r,"1899773"
Reben,limmat_unterengstringen_oggierbuhrer,r,"141072"
Reben,camp-des-peches,l,"128524"
Reben,camp-des-peches,l,"299028"
Reben,camp-des-peches,l,"74168"
Reben,ligerz-strand,l,"386161"
Reben,ligerz-strand,l,"372195"
Reben,hauterive-petite-plage,l,"74157"
Reben,plage-de-serriere,l,"22659"
Reben,pointe-dareuse,l,"8546"
Reben,la-morges,l,"18132"
Reben,quai-maria-belgia,l,"48708"
Reben,cully-plage,l,"2104254"
Reben,arabie,l,"237744"
Reben,veveyse,l,"83954"
Reben,la-pecherie,l,"348905"
Reben,la-pecherie,l,"204587"
Reben,rolle-plage,l,"1274299"
Reben,maladaire,l,"669572"
Reben,le-pierrier,l,"33754"
Reben,bain-des-dames,l,"2154"
Reben,baye-de-clarens,l,"37053"
Reben,pierrier-sud,l,"9573"
Reben,ognonnaz-1,r,"165541"
Reben,oyonne,l,"46755"
Reben,ognonnaz-1,r,"127956"
Obstanlage,bodensee_thal_schlachterj_1,l,"87479"
Obstanlage,bodensee_altenrhein_caluoria,l,"92212"
Obstanlage,sitter_gaiserwald_buehlerf,r,"459067"
Obstanlage,sitter_stgallen_steinbrunnerf,r,"5819"
Obstanlage,sitter_stgallen_jennya,r,"22537"
Obstanlage,limmat_zuerich_wagnerc,r,"81820"
Obstanlage,limmat_zurich_mortensena_meiera,r,"81820"
Obstanlage,limmat_zuerich_jansena,r,"81820"
Obstanlage,jona_tann_nusslin,r,"181821"
Obstanlage,rastplatz-stampf,l,"109699"
Obstanlage,jona-river-rastplatz,r,"109699"
Obstanlage,strandbeiz,l,"109699"
Obstanlage,lorze_baar_blarere,r,"243464"
Obstanlage,sihl_menzingen_kucharska_magdalena,r,"263869"
Obstanlage,lorze_baar_blarere,r,"207172"
Obstanlage,zugersee_immensee_guedesd,l,"33460"
Obstanlage,zugersee_immensee_guedesd,l,"240731"
Obstanlage,vierwaldstattersee_weggis_schoberls_1,l,"272919"
Obstanlage,vierwaldstattersee_weggis_schoberls_2,l,"272919"
Obstanlage,luscherz-plage,l,"478126"
Obstanlage,luscherz-two,l,"478126"
Obstanlage,pointe-dareuse,l,"100000"
Obstanlage,la-petite-plage,l,"41040"
Obstanlage,boiron,l,"178384"
Obstanlage,tolochenaz,l,"329416"
Obstanlage,la-morges,l,"46484"
Obstanlage,cully-plage,l,"45259"
Obstanlage,boiron,l,"113782"
Obstanlage,tolochenaz,l,"113782"
Obstanlage,la-pecherie,l,"383772"
Obstanlage,la-pecherie,l,"322046"
Obstanlage,goldach_goldach_schlachterj,r,"504389"
Obstanlage,greifensee_uster_fischerb_-2,l,"4003"
Obstanlage,greifensee_maur_simmenc,l,"80245"
Obstanlage,jona_tann_nusslin,r,"86427"
Obstanlage,zuerichsee_waedenswil_colomboc_1,l,"89293"
Obstanlage,preverenges,l,"248234"
Obstanlage,preverenges-le-sout,l,"239311"
Obstanlage,saint-sulpice,l,"180608"
Obstanlage,versoix,l,"38795"
Obstanlage,les-vieux-ronquoz,r,"111470"
Obstanlage,les-vieux-ronquoz,r,"226975"
Obstanlage,les-vieux-ronquoz,r,"336326"
Obstanlage,les-glariers,r,"1584267"
See,unterdsee_ermatingen_brunkem,l,"2387549"
See,bodensee_arbon_moslis,l,"4033874"
See,bodensee_steinach_dolder_a,l,"2106759"
See,bodensee_thal_schlachterj_1,l,"2896126"
See,bodensee_horn_huberm,l,"3310749"
See,bodensee_altenrhein_caluoria,l,"2957154"
See,aare_rupperswil_badert,r,"21527"
Gletscher,andermatt,p,"32224"
Stadtzentr,foce-del-cassarate,r,"96579"
Stadtzentr,lido,l,"96579"
Stadtzentr,lugano-centro,l,"96579"
Stadtzentr,spiaggia-parco-ciani,l,"96579"
Stadtzentr,villa-barton,l,"2044"
Stadtzentr,baby-plage-geneva,l,"495297"
Stadtzentr,pont-sous-terre,r,"665848"
Stadtzentr,baby-plage-ii-geneve,l,"343790"
Stadtzentr,rocky-plage,l,"250289"
Stadtzentr,evole-plage,l,"200637"
Stadtzentr,plage-de-serriere,l,"159749"
Stadtzentr,mullermatte,l,"111849"
Stadtzentr,schusspark-strand,r,"5905"
Stadtzentr,strandboden-biel,l,"264397"
Stadtzentr,nidau-strand,l,"46974"
Stadtzentr,aare_koniz_hoppej,r,"121289"
Stadtzentr,bern-tiergarten,r,"41850"
Stadtzentr,reuss_stkarli_linigersimhofy,r,"169744"
Stadtzentr,aare-solothurn-lido-strand,r,"11051"
Stadtzentr,aare_solothurn_nguyena,r,"106580"
Stadtzentr,sihl_zuerich_eggerskoehlingera,r,"798897"
Stadtzentr,zurcher-strand,l,"957358"
Stadtzentr,zurichsee-feldeggstr-banningersand,l,"491359"
Stadtzentr,sihl_zuerich_scherfs,r,"959050"
Stadtzentr,sitter_stgallen_steinbrunnerf,r,"43140"
Stadtzentr,rhein_basel_hungerbuehlern,r,"660771"
Stadtzentr,rhein-beach-tinguely,r,"486979"
Stadtzentr,birskopfli-rusco,r,"131211"
Stadtzentr,birs_basel_grunern,r,"1815"
Stadtzentr,rhein_basel,r,"1602658"
Siedl,foce-del-cassarate,r,"85943"
Siedl,lido,l,"94774"
Siedl,lugano-centro,l,"322678"
Siedl,spiaggia-parco-ciani,l,"99877"
Siedl,foce-del-cassarate,r,"1971"
Siedl,lido,l,"22"
Siedl,lugano-centro,l,"697433"
Siedl,spiaggia-parco-ciani,l,"7757"
Siedl,foce-del-cassarate,r,"59808"
Siedl,lido,l,"20044"
Siedl,lugano-centro,l,"613258"
Siedl,spiaggia-parco-ciani,l,"94276"
Siedl,caprino,l,"85259"
Siedl,foce-del-cassarate,r,"3871392"
Siedl,lido,l,"3759221"
Siedl,lugano-centro,l,"3405829"
Siedl,spiaggia-parco-ciani,l,"3894407"
Siedl,andermatt,p,"13145"
Siedl,cully-plage,l,"696721"
Siedl,boiron,l,"4253"
Siedl,tolochenaz,l,"88019"
Siedl,lugano-centro,l,"38305"
Siedl,magadino-lido,l,"500536"
Siedl,vira-gambarogno,l,"58305"
Siedl,vira-spiaggia-left-of-river,l,"38005"
Siedl,boiron,l,"708224"
Siedl,tolochenaz,l,"1033612"
Siedl,la-morges,l,"786738"
Siedl,pont-sous-terre,r,"15310"
Siedl,arve_carouge_battistellak,r,"1658727"
Siedl,pont-sous-terre,r,"540418"
Siedl,arve_carouge_battistellak,r,"3257"
Siedl,versoix,l,"796644"
Siedl,les-diablerets,p,"137724"
Siedl,pacha-mama-gerra,l,"494202"
Siedl,gerra-gambarogno,l,"494202"
Siedl,san-nazzaro-gambarogno,l,"450847"
Siedl,pacha-mama-gerra,l,"144380"
Siedl,gerra-gambarogno,l,"202464"
Siedl,san-nazzaro-gambarogno,l,"1119166"
Siedl,magadino-lido,l,"434000"
Siedl,vira-gambarogno,l,"434000"
Siedl,vira-spiaggia-left-of-river,l,"434000"
Siedl,isole-di-brissago-porto,l,"520937"
Siedl,sentiero-giro-del-golf-spiaggia,l,"1057755"
Siedl,route-13,r,"2091619"
Siedl,ascona-traghetto-spiaggia,l,"2613930"
Siedl,arve_carouge_battistellak,r,"232349"
Siedl,greifensee_uster_fischerb_-2,l,"1277899"
Siedl,greifensee_uster_fischerb_1,l,"1289207"
Siedl,greifensee_maur_simmenc,l,"323"
Siedl,sorne_birse_wwfjura,r,"441011"
Siedl,rivapiana,l,"648749"
Siedl,toss_bauma_kurthe,r,"1098447"
Siedl,toss_bauma_kurthe,r,"238174"
Siedl,rivapiana,l,"427590"
Siedl,rivapiana,l,"696944"
Siedl,sentiero-giro-del-golf-spiaggia,l,"360"
Siedl,route-13,r,"2797511"
Siedl,ascona-traghetto-spiaggia,l,"30202"
Siedl,tiger-duck-beach,l,"1087432"
Siedl,parc-des-pierrettes,l,"335390"
Siedl,plage-de-st-sulpice,l,"27461"
Siedl,vidy-ruines,l,"2749935"
Siedl,plage-de-dorigny,l,"1160865"
Siedl,vidy,l,"2954095"
Siedl,lacleman_vidy_santie,l,"1893122"
Siedl,reuss_hunenberg_eberhardy,r,"452259"
Siedl,greifensee_greifensee_simmenc,l,"969256"
Siedl,greifensee_uster_fischerb_-2,l,"96004"
Siedl,greifensee_uster_fischerb_1,l,"148159"
Siedl,greifensee_fallanden_meistery,l,"336588"
Siedl,greifensee_fallanden_simmenc,l,"227671"
Siedl,thun-strandbad,l,"3656455"
Siedl,delta-park,l,"1044615"
Siedl,camping-gwatt-strand,l,"2631586"
Siedl,zulg_steffisburg_schmassmanne,r,"349720"
Siedl,rhein_domatems_foppa_f,r,"32316"
Siedl,la-petite-plage,l,"618362"
Siedl,signalpain,l,"26258"
Siedl,zulg_steffisburg_schmassmanne,r,"444004"
Siedl,gasi-strand,l,"575245"
Siedl,linthdammweg,r,"908892"
Siedl,seeflechsen,l,"908892"
Siedl,flibach-river-right-bank,l,"901428"
Siedl,linth_route9brucke,r,"121945"
Siedl,linth_mollis,r,"908892"
Siedl,aare-port,r,"332903"
Siedl,mullermatte,l,"1700685"
Siedl,schusspark-strand,r,"5373534"
Siedl,strandboden-biel,l,"2206082"
Siedl,nidau-strand,l,"1775942"
Siedl,brugg-be-buren-bsg-standort,r,"153817"
Siedl,aare_post,r,"249281"
Siedl,emme_biberist_jennim,r,"1447408"
Siedl,gummligrabbe,r,"87079"
Siedl,mannewil,r,"5187"
Siedl,hauterive-petite-plage,l,"1146442"
Siedl,vierwaldstattersee_weggis_schoberls_1,l,"270287"
Siedl,vierwaldstattersee_weggis_schoberls_2,l,"196004"
Siedl,reuss_stkarli_linigersimhofy,r,"2015746"
Siedl,sihl_adliswil_oggi_fort,r,"5239"
Siedl,sihl_adliswil_oggi_fort,r,"51077"
Siedl,sense_torishaus_g-cubes,r,"299252"
Siedl,sense_torishaus_g-cubes,r,"236993"
Siedl,la-tzoumaz,p,"108985"
Siedl,la-tzoumaz,p,"1498514"
Siedl,les-glariers,r,"893232"
Siedl,val-calanca,p,"171013"
Siedl,hafeli,l,"915279"
Siedl,aare_suhrespitz_badert,r,"757222"
Siedl,aare_rupperswil_badert,r,"7332"
Siedl,glatt_oerlikon_covosn,r,"1683776"
Siedl,route-13,r,"565098"
Siedl,ascona-traghetto-spiaggia,l,"598203"
Siedl,arve_carouge_battistellak,r,"4205"
Siedl,arve_carouge_battistellak,r,"1864300"
Siedl,rivapiana,l,"1844757"
Siedl,nendaz,p,"168507"
Siedl,baby-plage-geneva,l,"176391"
Siedl,baby-plage-ii-geneve,l,"248155"
Siedl,rocky-plage,l,"225734"
Siedl,arve_carouge_battistellak,r,"97837"
Siedl,les-vieux-ronquoz,r,"183892"
Siedl,rivapiana,l,"213622"
Siedl,golene-gudo,r,"77952"
Siedl,les-diablerets,p,"2277986"
Siedl,verbier,p,"2780093"
Siedl,pacha-mama-gerra,l,"59894"
Siedl,gerra-gambarogno,l,"33119"
Siedl,preverenges,l,"421581"
Siedl,tiger-duck-beach,l,"877621"
Siedl,parc-des-pierrettes,l,"1407837"
Siedl,plage-de-st-sulpice,l,"1695123"
Siedl,preverenges,l,"52626"
Siedl,vidy-ruines,l,"156152"
Siedl,preverenges-le-sout,l,"197082"
Siedl,plage-de-dorigny,l,"816133"
Siedl,vidy,l,"46679"
Siedl,saint-sulpice,l,"594741"
Siedl,lacleman_vidy_santie,l,"449020"
Siedl,tiger-duck-beach,l,"553356"
Siedl,vidy-ruines,l,"451860"
Siedl,plage-de-dorigny,l,"589293"
Siedl,vidy,l,"285893"
Siedl,lacleman_vidy_santie,l,"792744"
Siedl,cully-plage,l,"16075"
Siedl,sundbach-strand,l,"624172"
Siedl,zurichsee_kusnachterhorn_thirkell-whitej,l,"0"
Siedl,kusnachter-dorfbach-tobelweg-1-4,r,"545159"
Siedl,zurichsee_kusnachterhorn_thirkell-whitej,l,"2900780"
Siedl,kusnachter-dorfbach-tobelweg-1-4,r,"2979265"
Siedl,zurichsee_kusnachterhorn_thirkell-whitej,l,"127"
Siedl,zurichsee_wollishofen_langendorfm,l,"81590"
Siedl,sihl_leimbach_kruegerm,r,"340217"
Siedl,sihl_adliswil_oggi_fort,r,"526785"
Siedl,pfaffner_rothrist_ischik,r,"48017"
Siedl,reuss,r,"618878"
Siedl,aare_suhrespitz_badert,r,"477574"
Siedl,golene-gudo,r,"305372"
Siedl,golene-gudo,r,"217280"
Siedl,les-vieux-ronquoz,r,"323702"
Siedl,les-crosets,p,"187415"
Siedl,les-crosets,p,"201504"
Siedl,veysonnaz,p,"158263"
Siedl,lavey-les-bains-2,r,"2063627"
Siedl,lavey-la-source,r,"1148393"
Siedl,lavey-les-bains,r,"1972870"
Siedl,lavey-les-bains-2,r,"219420"
Siedl,lavey-les-bains,r,"29550"
Siedl,lavey-les-bains-2,r,"131452"
Siedl,lavey-la-source,r,"131452"
Siedl,lavey-les-bains,r,"131452"
Siedl,via-brunari-spiaggia,r,"41602"
Siedl,via-brunari-spiaggia,r,"2741655"
Siedl,via-mirasole-spiaggia,r,"2996468"
Siedl,canale-saleggi,r,"2922653"
Siedl,via-brunari-spiaggia,r,"439846"
Siedl,via-mirasole-spiaggia,r,"439846"
Siedl,canale-saleggi,r,"439846"
Siedl,les-glariers,r,"57935"
Siedl,via-brunari-spiaggia,r,"30237"
Siedl,via-mirasole-spiaggia,r,"197286"
Siedl,canale-saleggi,r,"119903"
Siedl,villa-barton,l,"2819523"
Siedl,baby-plage-geneva,l,"2983919"
Siedl,pont-sous-terre,r,"5145524"
Siedl,baby-plage-ii-geneve,l,"2803631"
Siedl,rocky-plage,l,"2648777"
Siedl,jardin-botanique,l,"2789626"
Siedl,arve_carouge_battistellak,r,"1244609"
Siedl,golene-gudo,r,"25547"
Siedl,baby-plage-geneva,l,"920437"
Siedl,baby-plage-ii-geneve,l,"1078133"
Siedl,rocky-plage,l,"1175208"
Siedl,les-glariers,r,"26537"
Siedl,les-vieux-ronquoz,r,"3869090"
Siedl,jardin-botanique,l,"7400"
Siedl,villa-barton,l,"584511"
Siedl,jardin-botanique,l,"1276085"
Siedl,morgins,p,"1387490"
Siedl,zuerichsee_zurich_kullg,l,"48566"
Siedl,versoix,l,"2249299"
Siedl,villars,p,"6324"
Siedl,leuk-mattenstrasse,r,"515906"
Siedl,leuk-mattenstrasse,r,"212804"
Siedl,val-calanca,p,"173777"
Siedl,tschilljus,r,"310585"
Siedl,tschilljus,r,"652738"
Siedl,leuk-mattenstrasse,r,"291859"
Siedl,grand-clos,l,"959895"
Siedl,lacleman_gland_lecoanets,l,"57993"
Siedl,lacleman_gland_kubela,l,"57460"
Siedl,lacleman_gland_lecoanets,l,"143089"
Siedl,lacleman_gland_kubela,l,"151231"
Siedl,maladaire,l,"1876977"
Siedl,quai-maria-belgia,l,"78455"
Siedl,anarchy-beach,l,"2259914"
Siedl,oyonne,l,"1855116"
Siedl,le-pierrier,l,"317025"
Siedl,bain-des-dames,l,"2466587"
Siedl,arabie,l,"2438"
Siedl,veveyse,l,"11698"
Siedl,baye-de-clarens,l,"323940"
Siedl,pierrier-sud,l,"218228"
Siedl,le-port,l,"2183045"
Siedl,ognonnaz-1,r,"2445954"
Siedl,rolle-plage,l,"1161459"
Siedl,quai-maria-belgia,l,"717552"
Siedl,arabie,l,"975648"
Siedl,veveyse,l,"895970"
Siedl,vorderrhein_disentis_schmidn,r,"1193650"
Siedl,beich,r,"185129"
Siedl,evole-plage,l,"3459508"
Siedl,plage-de-serriere,l,"3220468"
Siedl,hauterive-petite-plage,l,"588964"
Siedl,zugersee_immensee_guedesd,l,"201425"
Siedl,quai-maria-belgia,l,"1981855"
Siedl,anarchy-beach,l,"247657"
Siedl,oyonne,l,"2091220"
Siedl,bain-des-dames,l,"819097"
Siedl,arabie,l,"1868677"
Siedl,veveyse,l,"1827229"
Siedl,le-port,l,"1224829"
Siedl,ognonnaz-1,r,"1877441"
Siedl,la-pecherie,l,"297251"
Siedl,la-pecherie,l,"86220"
Siedl,rolle-plage,l,"362820"
Siedl,le-pierrier,l,"54252"
Siedl,baye-de-montreux-g,l,"39433"
Siedl,baye-de-montreux-d,l,"45305"
Siedl,baye-de-clarens,l,"53924"
Siedl,pierrier-sud,l,"154561"
Siedl,maladaire,l,"1692468"
Siedl,anarchy-beach,l,"23557"
Siedl,le-pierrier,l,"2630238"
Siedl,baye-de-montreux-g,l,"1889139"
Siedl,baye-de-montreux-d,l,"1898358"
Siedl,baye-de-clarens,l,"2629953"
Siedl,pierrier-sud,l,"2788775"
Siedl,baye-de-montreux-g,l,"239277"
Siedl,baye-de-montreux-d,l,"235057"
Siedl,rolle-plage,l,"772888"
Siedl,maladaire,l,"38483"
Siedl,boiron,l,"174715"
Siedl,tolochenaz,l,"45276"
Siedl,cully-plage,l,"170401"
Siedl,ognonnaz-1,r,"8591"
Siedl,oyonne,l,"457429"
Siedl,bain-des-dames,l,"1999"
Siedl,le-port,l,"86631"
Siedl,ognonnaz-1,r,"715346"
Siedl,cully-plage,l,"5682"
Siedl,quai-maria-belgia,l,"257278"
Siedl,oyonne,l,"5525"
Siedl,arabie,l,"280127"
Siedl,veveyse,l,"260474"
Siedl,ognonnaz-1,r,"10546"
Siedl,tiger-duck-beach,l,"645433"
Siedl,parc-des-pierrettes,l,"1042425"
Siedl,plage-de-st-sulpice,l,"1347495"
Siedl,preverenges,l,"211478"
Siedl,vidy-ruines,l,"173568"
Siedl,preverenges-le-sout,l,"594362"
Siedl,plage-de-dorigny,l,"616572"
Siedl,vidy,l,"110480"
Siedl,saint-sulpice,l,"1147127"
Siedl,lacleman_vidy_santie,l,"383196"
Siedl,preverenges,l,"106650"
Siedl,boiron,l,"40403"
Siedl,tolochenaz,l,"919885"
Siedl,la-morges,l,"2326879"
Siedl,preverenges,l,"1739034"
Siedl,preverenges-le-sout,l,"1306495"
Siedl,saint-sulpice,l,"683601"
Siedl,preverenges,l,"255830"
Siedl,preverenges-le-sout,l,"256462"
Siedl,saint-sulpice,l,"256462"
Siedl,preverenges,l,"141278"
Siedl,preverenges-le-sout,l,"46010"
Siedl,saint-sulpice,l,"7409"
Siedl,san-bernardino,p,"111763"
Siedl,tiger-duck-beach,l,"949797"
Siedl,parc-des-pierrettes,l,"821233"
Siedl,plage-de-st-sulpice,l,"415832"
Siedl,vidy-ruines,l,"187788"
Siedl,plage-de-dorigny,l,"899585"
Siedl,vidy,l,"94759"
Siedl,lacleman_vidy_santie,l,"539524"
Siedl,vidy-ruines,l,"109488"
Siedl,vidy,l,"73482"
Siedl,lacleman_vidy_santie,l,"99292"
Siedl,les-paccots,p,"848806"
Siedl,airolo,p,"81545"
Siedl,airolo,p,"111176"
Siedl,pointe-dareuse,l,"83293"
Siedl,beich,r,"48234"
Siedl,schutzenmatte,r,"182669"
Siedl,ligerz-strand,l,"273076"
Siedl,aare-port,r,"1163"
Siedl,delta-park,l,"593230"
Siedl,camping-gwatt-strand,l,"542277"
Siedl,augustmutzenbergstrandweg,l,"607135"
Siedl,weissenau-neuhaus,l,"172702"
Siedl,hafeli,l,"403878"
Siedl,thunersee_spiez_meierd_1,l,"245805"
Siedl,delta-park,l,"536398"
Siedl,camping-gwatt-strand,l,"29866"
Siedl,thunersee_spiez_meierd_1,l,"700479"
Siedl,augustmutzenbergstrandweg,l,"1908242"
Siedl,mullermatte,l,"746521"
Siedl,strandboden-biel,l,"1185043"
Siedl,nidau-strand,l,"1476795"
Siedl,untertenzen,l,"164933"
Siedl,birs_reinach_dinuccin,r,"2068903"
Siedl,aare-limmatspitz,r,"852064"
Siedl,aare_brugg_buchie,r,"589203"
Siedl,charmey,p,"425317"
Siedl,thun-strandbad,l,"669921"
Siedl,impromptu_cudrefin,l,"1298"
Siedl,neuenburgersee_cudrefin_mattera,l,"59002"
Siedl,impromptu_cudrefin,l,"936100"
Siedl,neuenburgersee_cudrefin_mattera,l,"1021347"
Siedl,ligerz-strand,l,"290244"
Siedl,aare-port,r,"9680"
Siedl,schmerikon-bahnhof-strand,l,"30015"
Siedl,greifensee_fallanden_meistery,l,"285553"
Siedl,greifensee_fallanden_simmenc,l,"233906"
Siedl,greifensee_greifensee_simmenc,l,"699998"
Siedl,greifensee_uster_fischerb_1,l,"22218"
Siedl,hafeli,l,"9756"
Siedl,hafeli,l,"404527"
Siedl,augustmutzenbergstrandweg,l,"250367"
Siedl,augustmutzenbergstrandweg,l,"32708"
Siedl,hafeli,l,"38047"
Siedl,oben-am-see,l,"1184054"
Siedl,wycheley,l,"939410"
Siedl,oben-am-see,l,"61446"
Siedl,la-petite-plage,l,"2315448"
Siedl,signalpain,l,"3376526"
Siedl,pecos-plage,l,"157518"
Siedl,la-thiele_le-mujon_confluence,r,"3822702"
Siedl,signalpain,l,"3164"
Siedl,pecos-plage,l,"159707"
Siedl,la-thiele_le-mujon_confluence,r,"865"
Siedl,zulg_steffisburg_schmassmanne,r,"4698823"
Siedl,pecos-plage,l,"36874"
Siedl,plage-de-cheyres,l,"877800"
Siedl,ruisseau-de-la-croix-plage,l,"752785"
Siedl,rhein_domatems_foppa_f,r,"1688172"
Siedl,rhein_domatems_foppa_f,r,"24012"
Siedl,nouvelle-plage,l,"1743749"
Siedl,oberi-chlihochstetten,r,"758059"
Siedl,oberi-chlihochstetten,r,"326457"
Siedl,sense_torishaus_g-cubes,r,"319081"
Siedl,aare_kehrsatz_stolten,r,"258862"
Siedl,aare_elfenau_cataldiv,r,"43962"
Siedl,aare_bern_caveltin,r,"841470"
Siedl,aare_koniz_hoppej,r,"1530048"
Siedl,bern-tiergarten,r,"2015604"
Siedl,aare_elfenau_cataldiv,r,"1397056"
Siedl,aare_bern_caveltin,r,"779653"
Siedl,pointe-dareuse,l,"520272"
Siedl,la-robella,p,"409062"
Siedl,gummligrabbe,r,"208062"
Siedl,mannewil,r,"208062"
Siedl,aare_bern_gerberm,r,"326157"
Siedl,bern-fahrstrasse,r,"279840"
Siedl,aare_bern_scheurerk,r,"407831"
Siedl,aarezufluss_bern_scheurerk,r,"410892"
Siedl,aare_bern_scheurerk,r,"5"
Siedl,aarezufluss_bern_scheurerk,r,"707"
Siedl,plage-de-serriere,l,"228601"
Siedl,aare_bern_gerberm,r,"2320485"
Siedl,bern-fahrstrasse,r,"154104"
Siedl,aare_bern_scheurerk,r,"75198"
Siedl,aarezufluss_bern_scheurerk,r,"78551"
Siedl,mannewil,r,"4777"
Siedl,hauterive-petite-plage,l,"235923"
Siedl,zuerichsee_richterswil_benkoem_2,l,"1658170"
Siedl,zuerichsee_waedenswil_colomboc_1,l,"1177805"
Siedl,bielersee_vinelz_fankhausers,l,"55509"
Siedl,luscherz-plage,l,"64172"
Siedl,luscherz-two,l,"52800"
Siedl,bielersee_vinelz_fankhausers,l,"694936"
Siedl,erlach-camping-strand,l,"144235"
Siedl,beich,r,"13312"
Siedl,luscherz-plage,l,"505284"
Siedl,luscherz-two,l,"505284"
Siedl,erlach-camping-strand,l,"260"
Siedl,camp-des-peches,l,"1615923"
Siedl,gals-reserve,l,"358950"
Siedl,schutzenmatte,r,"2650636"
Siedl,hauterive-petite-plage,l,"1316381"
Siedl,vierwaldstattersee_weggis_schoberls_1,l,"663715"
Siedl,vierwaldstattersee_weggis_schoberls_2,l,"724017"
Siedl,vierwaldstattersee_weggis_schoberls_3,l,"1074630"
Siedl,bielersee_vinelz_fankhausers,l,"610502"
Siedl,erlach-camping-strand,l,"617099"
Siedl,camp-des-peches,l,"66"
Siedl,gals-reserve,l,"615868"
Siedl,spackmatt,r,"731025"
Siedl,spackmatt,r,"295473"
Siedl,spackmatt,r,"2758"
Siedl,schmerikon-bahnhof-strand,l,"1124743"
Siedl,aabach,l,"1104301"
Siedl,pfaffner_rothrist_ischik,r,"38996"
Siedl,reuss_stkarli_linigersimhofy,r,"1679544"
Siedl,aare_kehrsatz_stolten,r,"251394"
Siedl,aare_koniz_hoppej,r,"276383"
Siedl,bern-tiergarten,r,"2800"
Siedl,aare_kehrsatz_stolten,r,"2274832"
Siedl,aare_elfenau_cataldiv,r,"785363"
Siedl,aare_bern_caveltin,r,"1276351"
Siedl,erlach-camping-strand,l,"22595"
Siedl,camp-des-peches,l,"114529"
Siedl,gals-reserve,l,"8071"
Siedl,reuss_stkarli_linigersimhofy,r,"267282"
Siedl,emme_utzenstorf_gruttert,r,"36928"
Siedl,brugg-be-buren-bsg-standort,r,"165504"
Siedl,aare-port,r,"791676"
Siedl,nidau-strand,l,"156198"
Siedl,aare_post,r,"529777"
Siedl,strandboden-biel,l,"16022"
Siedl,nidau-strand,l,"474995"
Siedl,aare-port,r,"265213"
Siedl,brugg-be-buren-bsg-standort,r,"775348"
Siedl,aare_post,r,"456569"
Siedl,untertenzen,l,"447963"
Siedl,murg-bad,l,"319483"
Siedl,walensee_walenstadt_wysse,l,"90760"
Siedl,untertenzen,l,"41963"
Siedl,mols-rocks,l,"379002"
Siedl,seez_spennwiesenbrucke,r,"8842"
Siedl,seez,r,"127502"
Siedl,untertenzen,l,"161149"
Siedl,muhlehorn-dorf,l,"138031"
Siedl,brugg-be-buren-bsg-standort,r,"81947"
Siedl,muhlehorn-dorf,l,"43453"
Siedl,aare-port,r,"1865088"
Siedl,brugg-be-buren-bsg-standort,r,"1726875"
Siedl,aare_post,r,"1961470"
Siedl,gasi-strand,l,"299624"
Siedl,seeflechsen,l,"30262"
Siedl,linth_route9brucke,r,"620193"
Siedl,sempachersee_sempach_tampec,l,"307965"
Siedl,emme_utzenstorf_gruttert,r,"1177205"
Siedl,schusspark-strand,r,"119646"
Siedl,mullermatte,l,"247421"
Siedl,strandboden-biel,l,"53093"
Siedl,mullermatte,l,"89078"
Siedl,strandboden-biel,l,"72804"
Siedl,sempachersee_sempach_tampec,l,"999741"
Siedl,emme_biberist_jennim,r,"119094"
Siedl,emme_utzenstorf_gruttert,r,"1075337"
Siedl,emme_biberist_jennim,r,"21624"
Siedl,walensee_walenstadt_wysse,l,"1368717"
Siedl,mols-rocks,l,"215035"
Siedl,seemuhlestrasse-strand,l,"974869"
Siedl,seez_spennwiesenbrucke,r,"1487914"
Siedl,seez,r,"1349980"
Siedl,seemuhlestrasse-strand,l,"329677"
Siedl,emme_biberist_jennim,r,"61029"
Siedl,zugerseecholler_cham_blarerm,l,"700594"
Siedl,la-thiele_le-mujon_confluence,r,"334222"
Siedl,la-thiele_le-mujon_confluence,r,"38304"
Siedl,oben-am-see,l,"175495"
Siedl,pecos-plage,l,"583342"
Siedl,pecos-plage,l,"752648"
Siedl,aare_bern_gerberm,r,"448228"
Siedl,bern-fahrstrasse,r,"1305712"
Siedl,aare_bern_scheurerk,r,"670523"
Siedl,aarezufluss_bern_scheurerk,r,"656750"
Siedl,aare_koniz_hoppej,r,"3428787"
Siedl,bern-tiergarten,r,"3102228"
Siedl,aare_bern_gerberm,r,"57896"
Siedl,bern-fahrstrasse,r,"1484088"
Siedl,aare_bern_scheurerk,r,"2981095"
Siedl,aare_kehrsatz_stolten,r,"10492"
Siedl,aarezufluss_bern_scheurerk,r,"2972594"
Siedl,aare_elfenau_cataldiv,r,"2237351"
Siedl,aare_bern_caveltin,r,"465033"
Siedl,bern-fahrstrasse,r,"115055"
Siedl,aare_bern_scheurerk,r,"6276"
Siedl,aarezufluss_bern_scheurerk,r,"3945"
Siedl,schutzenmatte,r,"645"
Siedl,sorne_birse_wwfjura,r,"2602928"
Siedl,aare_rupperswil_badert,r,"786046"
Siedl,grendelbach_effretikon_dambonec,r,"110017"
Siedl,grendelbach_effretikon_dambonec,r,"2347471"
Siedl,rhein_eglisau_gomringerp,r,"11999"
Siedl,gasi-strand,l,"151086"
Siedl,linthdammweg,r,"33575"
Siedl,seeflechsen,l,"151086"
Siedl,flibach-river-right-bank,l,"151086"
Siedl,linth_route9brucke,r,"45598"
Siedl,linth_mollis,r,"88400"
Siedl,emme_biberist_jennim,r,"1592256"
Siedl,aare_solothurn_nguyena,r,"60250"
Siedl,aare-solothurn-lido-strand,r,"245795"
Siedl,aare_solothurn_nguyena,r,"115725"
Siedl,zugerseecholler_cham_blarerm,l,"551793"
Siedl,sihl_menzingen_kucharska_magdalena,r,"32187"
Siedl,spackmatt,r,"28596"
Siedl,aare-solothurn-lido-strand,r,"1806020"
Siedl,aare_solothurn_nguyena,r,"2096655"
Siedl,lorze_baar_blarere,r,"2098863"
Siedl,lorze_baar_blarere,r,"227821"
Siedl,pfafikon-bad,l,"1634442"
Siedl,zuerichsee_maennedorf_vanderkaadene,l,"2453342"
Siedl,grendelbach_effretikon_dambonec,r,"297050"
Siedl,birs_basel_laderachs,r,"111619"
Siedl,birskopfli-rusco,r,"26447"
Siedl,birs_basel_grunern,r,"111619"
Siedl,birs_basel_laderachs,r,"719864"
Siedl,birs_basel_grunern,r,"225048"
Siedl,toss_winterthur-2,r,"2275088"
Siedl,spackmatt,r,"1630795"
Siedl,jona_tann_nusslin,r,"1704827"
Siedl,pfafikon-bad,l,"548024"
Siedl,zugerseecholler_cham_blarerm,l,"874835"
Siedl,langete_langenthal_geiserm,r,"4193592"
Siedl,spackmatt,r,"99805"
Siedl,zuerichsee_richterswil_benkoem_2,l,"453122"
Siedl,zuerichsee_waedenswil_colomboc_1,l,"1189577"
Siedl,rastplatz-stampf,l,"1504024"
Siedl,jona-river-rastplatz,r,"1700773"
Siedl,strandbeiz,l,"1714219"
Siedl,zuerichsee_staefa_hennm,l,"743003"
Siedl,zuerichsee_staefa_hennm,l,"173403"
Siedl,zuerichsee_staefa_hennm,l,"185880"
Siedl,reuss_ottenbach_schoenenbergerl,r,"103737"
Siedl,zuerichsee_maennedorf_vanderkaadene,l,"993212"
Siedl,reuss_ottenbach_schoenenbergerl,r,"1093971"
Siedl,jona_tann_nusslin,r,"817744"
Siedl,jona_tann_nusslin,r,"356601"
Siedl,jona_tann_nusslin,r,"280012"
Siedl,reuss_ottenbach_schoenenbergerl,r,"560"
Siedl,pfaffner_rothrist_ischik,r,"2525368"
Siedl,zurichsee_kusnachterhorn_thirkell-whitej,l,"28590"
Siedl,kusnachter-dorfbach-tobelweg-1-4,r,"391655"
Siedl,zurichsee_kusnachterhorn_thirkell-whitej,l,"4820"
Siedl,sihl_adliswil_oggi_fort,r,"241777"
Siedl,reuss,r,"108492"
Siedl,sihl_leimbach_kruegerm,r,"1980844"
Siedl,sihl_adliswil_oggi_fort,r,"3945737"
Siedl,urnaesch_urnaesch_meierr,r,"340368"
Siedl,reuss,r,"164845"
Siedl,greifensee_fallanden_meistery,l,"387866"
Siedl,greifensee_fallanden_simmenc,l,"419426"
Siedl,greifensee_uster_fischerb_-2,l,"84380"
Siedl,greifensee_maur_simmenc,l,"342865"
Siedl,aare_suhrespitz_badert,r,"1340908"
Siedl,limmat_unterengstringen_oggierbuhrer,r,"1991737"
Siedl,limmat_zuerich_wagnerc,r,"707540"
Siedl,limmat_zurich_mortensena_meiera,r,"219131"
Siedl,limmat_zuerich_jansena,r,"272911"
Siedl,chriesbach_duebendorf_schneidera,r,"3183781"
Siedl,glatt_oerlikon_covosn,r,"686309"
Siedl,chriesbach_duebendorf_schneidera,r,"1381492"
Siedl,chriesbach_duebendorf_schneidera,r,"139470"
Siedl,greifensee_greifensee_simmenc,l,"17971"
Siedl,limmat_unterengstringen_oggierbuhrer,r,"898485"
Siedl,limmat_dietikon_keiserp,r,"181028"
Siedl,limmat_unterengstringen_oggierbuhrer,r,"715320"
Siedl,limmat_zuerich_wagnerc,r,"795616"
Siedl,limmat_zurich_mortensena_meiera,r,"306341"
Siedl,limmat_zuerich_jansena,r,"321673"
Siedl,aare_rupperswil_badert,r,"69772"
Siedl,aare_suhrespitz_badert,r,"443464"
Siedl,limmat_dietikon_keiserp,r,"3340212"
Siedl,limmat_unterengstringen_oggierbuhrer,r,"25255"
Siedl,limmat_dietikon_keiserp,r,"282061"
Siedl,limmat_dietikon_keiserp,r,"160974"
Siedl,limmat_unterengstringen_oggierbuhrer,r,"486621"
Siedl,limmat_dietikon_keiserp,r,"483639"
Siedl,aare_suhrespitz_badert,r,"1166445"
Siedl,zurichsee_wollishofen_langendorfm,l,"223"
Siedl,sihl_zuerich_eichenbergerd,r,"501568"
Siedl,sihl_zurich_himmelhebern,r,"379547"
Siedl,sihl_leimbach_kruegerm,r,"466287"
Siedl,limmat_zuerich_wagnerc,r,"3798511"
Siedl,limmat_zurich_mortensena_meiera,r,"5305203"
Siedl,sihl_zuerich_eggerskoehlingera,r,"6231328"
Siedl,zurichsee_wollishofen_langendorfm,l,"3435752"
Siedl,zurcher-strand,l,"4824607"
Siedl,sihl_zuerich_eichenbergerd,r,"2063719"
Siedl,limmat_zuerich_suterdglauserp,r,"5987368"
Siedl,sihl_zurich_himmelhebern,r,"2720811"
Siedl,zuerichsee_zurich_kullg,l,"3607756"
Siedl,sihl_leimbach_kruegerm,r,"800575"
Siedl,zurichsee-feldeggstr-banningersand,l,"4369452"
Siedl,glatt_oerlikon_covosn,r,"3529966"
Siedl,sihl_zuerich_scherfs,r,"5831561"
Siedl,limmat_zuerich_jansena,r,"5270934"
Siedl,chriesbach_duebendorf_schneidera,r,"842942"
Siedl,katzensee_regensdorfzuerichaffoltern_stueberj,l,"938959"
Siedl,sihl_zuerich_eichenbergerd,r,"64468"
Siedl,sihl_leimbach_kruegerm,r,"297758"
Siedl,sihl_adliswil_oggi_fort,r,"33470"
Siedl,thur_schwarzenbach_meiliw,r,"166097"
Siedl,thur_schwarzenbach_meiliw,r,"1117655"
Siedl,thur_schwarzenbach_meiliw,r,"594601"
Siedl,katzensee_regensdorfzuerichaffoltern_stueberj,l,"488388"
Siedl,sitter_stgallen_jennya,r,"1323795"
Siedl,sitter_stgallen_jennya,r,"1486476"
Siedl,sitter_gaiserwald_buehlerf,r,"1535231"
Siedl,sitter_stgallen_steinbrunnerf,r,"2142628"
Siedl,sitter_stgallen_steinbrunnerf,r,"71665"
Siedl,sitter_gaiserwald_buehlerf,r,"323233"
Siedl,sitter_stgallen_steinbrunnerf,r,"644300"
Siedl,sitter_stgallen_jennya,r,"744401"
Siedl,sitter_gaiserwald_buehlerf,r,"586523"
Siedl,sitter_gaiserwald_buehlerf,r,"109065"
Siedl,toss_kollbrunn_burgid,r,"262489"
Siedl,toss_kollbrunn_burgid,r,"796460"
Siedl,aare_brugg_buchie,r,"351796"
Siedl,goldach_goldach_schlachterj,r,"124"
Siedl,bodensee_thal_schlachterj_1,l,"48702"
Siedl,bodensee_altenrhein_caluoria,l,"43227"
Siedl,goldach_goldach_schlachterj,r,"2392367"
Siedl,aare-limmatspitz,r,"207703"
Siedl,aare_brugg_buchie,r,"667568"
Siedl,aare-limmatspitz,r,"279945"
Siedl,aare_brugg_buchie,r,"279945"
Siedl,goldach_goldach_schlachterj,r,"484017"
Siedl,bodensee_horn_huberm,l,"413217"
Siedl,birs_reinach_dinuccin,r,"2376059"
Siedl,aare-limmatspitz,r,"239543"
Siedl,aare_brugg_buchie,r,"239543"
Siedl,aare-limmatspitz,r,"175926"
Siedl,aare_brugg_buchie,r,"95142"
Siedl,aare-limmatspitz,r,"100733"
Siedl,bodensee_thal_schlachterj_1,l,"458227"
Siedl,bodensee_altenrhein_caluoria,l,"458227"
Siedl,bodensee_thal_schlachterj_1,l,"1220926"
Siedl,bodensee_altenrhein_caluoria,l,"1220855"
Siedl,murg_waengi_strickerr,r,"115067"
Siedl,murg_waengi_strickerr,r,"1469645"
Siedl,murg_waengi_strickerr,r,"65410"
Siedl,bodensee_steinach_dolder_a,l,"1235011"
Siedl,bodensee_horn_huberm,l,"612745"
Siedl,bodensee_horn_huberm,l,"108723"
Siedl,bodensee_steinach_dolder_a,l,"85581"
Siedl,birs_reinach_dinuccin,r,"963411"
Siedl,birs_basel_laderachs,r,"326429"
Siedl,birs_basel_grunern,r,"67166"
Siedl,aare-limmatspitz,r,"25237"
Siedl,toss_kollbrunn_burgid,r,"344684"
Siedl,rhein_basel_hungerbuehlern,r,"957061"
Siedl,birs_basel_laderachs,r,"1775696"
Siedl,rhein-beach-tinguely,r,"1144773"
Siedl,birskopfli-rusco,r,"1855988"
Siedl,birs_basel_grunern,r,"2293591"
Siedl,rhein_basel,r,"149557"
Siedl,rhein_basel_hungerbuehlern,r,"5113755"
Siedl,birs_basel_laderachs,r,"2599960"
Siedl,rhein-beach-tinguely,r,"4993303"
Siedl,birskopfli-rusco,r,"4427826"
Siedl,birs_basel_grunern,r,"3093495"
Siedl,rhein_basel,r,"5207292"
Siedl,birskopfli-rusco,r,"441"
Siedl,rhein_eglisau_gomringerp,r,"166718"
Siedl,rhein_eglisau_gomringerp,r,"1463788"
Siedl,rhein-beach-tinguely,r,"616"
Siedl,birskopfli-rusco,r,"90144"
Siedl,unterdsee_ermatingen_brunkem,l,"184312"
Siedl,unterdsee_ermatingen_brunkem,l,"62179"
Siedl,unterdsee_ermatingen_brunkem,l,"1318700"
Siedl,rhein_hemishofen_stolll,r,"137433"
Siedl,rhein_hemishofen_stolll,r,"335094"
Siedl,san-nazzaro-gambarogno,l,"4081"
Siedl,vira-gambarogno,l,"209048"
Siedl,vira-spiaggia-left-of-river,l,"227934"
Siedl,aare_bern_gerberm,r,"41209"
See,magadino-lido,l,"14625"
Wald,sitter_gaiserwald_buehlerf,r,"1112494"
Wald,sitter_stgallen_steinbrunnerf,r,"2467660"
Obstanlage,thur_schwarzenbach_meiliw,r,"78111"
Siedl,aare-limmatspitz,r,"332153"
Siedl,aare_brugg_buchie,r,"619104"
Siedl,thur_schwarzenbach_meiliw,r,"496617"
Siedl,murg_waengi_strickerr,r,"343126"
Siedl,aare-limmatspitz,r,"220741"
Siedl,aare_brugg_buchie,r,"457710"
Siedl,bodensee_steinach_dolder_a,l,"144243"
Siedl,bodensee_steinach_dolder_a,l,"95117"
Siedl,bodensee_horn_huberm,l,"1209703"
Siedl,bodensee_arbon_moslis,l,"2434847"
Siedl,bodensee_steinach_dolder_a,l,"2167093"
Wald,cully-plage,l,"43238"
Sumpf,schmerikon-bahnhof-strand,l,"183302"
Sumpf,aabach,l,"185033"
Sumpf,rastplatz-stampf,l,"211576"
Sumpf,jona-river-rastplatz,r,"248851"
Sumpf,strandbeiz,l,"201325"
Sumpf,schmerikon-bahnhof-strand,l,"350743"
Sumpf,aabach,l,"350743"
Sumpf,unterdsee_ermatingen_brunkem,l,"51778"
Sumpf,plage-de-cheyres,l,"271380"
Sumpf,ruisseau-de-la-croix-plage,l,"48004"
Sumpf,plage-de-cheyres,l,"176675"
Sumpf,ruisseau-de-la-croix-plage,l,"252161"
Sumpf,la-petite-plage,l,"38125"
Sumpf,la-petite-plage,l,"312283"
Sumpf,signalpain,l,"283829"
Sumpf,signalpain,l,"67898"
Sumpf,pecos-plage,l,"137688"
Sumpf,greifensee_uster_fischerb_1,l,"43584"
Sumpf,chriesbach_duebendorf_schneidera,r,"51401"
Sumpf,katzensee_regensdorfzuerichaffoltern_stueberj,l,"94895"
Sumpf,katzensee_regensdorfzuerichaffoltern_stueberj,l,"75858"
Sumpf,katzensee_regensdorfzuerichaffoltern_stueberj,l,"223741"
Sumpf,reuss_ottenbach_schoenenbergerl,r,"49312"
Sumpf,nouvelle-plage,l,"292723"
Sumpf,greifensee_maur_simmenc,l,"156740"
Sumpf,reuss_hunenberg_eberhardy,r,"1723925"
Sumpf,weissenau-neuhaus,l,"358191"
Sumpf,grand-clos,l,"316"
Sumpf,reuss,r,"163245"
Sumpf,impromptu_cudrefin,l,"342770"
Sumpf,neuenburgersee_cudrefin_mattera,l,"251155"
Sumpf,neuenburgersee_cudrefin_mattera,l,"22468"
Sumpf,toss_kollbrunn_burgid,r,"50410"
Sumpf,sihl_menzingen_kucharska_magdalena,r,"182822"
Sumpf,sihl_menzingen_kucharska_magdalena,r,"75464"
Sumpf,sihl_menzingen_kucharska_magdalena,r,"21096"
Sumpf,pfafikon-bad,l,"258565"
Sumpf,sihl_menzingen_kucharska_magdalena,r,"78329"
Sumpf,aare_kehrsatz_stolten,r,"74725"
Sumpf,aare_elfenau_cataldiv,r,"22070"
Sumpf,aare_bern_caveltin,r,"74725"
Sumpf,oberi-chlihochstetten,r,"195055"
Sumpf,golene-gudo,r,"20956"
Sumpf,magadino-lido,l,"294971"
Sumpf,magadino-lido,l,"312638"
Wald,birs_reinach_dinuccin,r,"205796"
Wald,goldach_goldach_schlachterj,r,"473093"
Wald,walensee_walenstadt_wysse,l,"910015"
Wald,seemuhlestrasse-strand,l,"1807209"
Wald,seez_spennwiesenbrucke,r,"4164"
Wald,seez,r,"599178"
Wald,linth_route9brucke,r,"9563"
Wald,vierwaldstattersee_weggis_schoberls_1,l,"26037"
Wald,schutzenmatte,r,"1578841"
Wald,gummligrabbe,r,"1191507"
Wald,mannewil,r,"233485"
Wald,weissenau-neuhaus,l,"1001684"
Wald,oben-am-see,l,"185896"
Wald,sundbach-strand,l,"2112303"
Wald,sense_torishaus_g-cubes,r,"1168760"
Wald,zulg_steffisburg_schmassmanne,r,"591"
Wald,zulg_steffisburg_schmassmanne,r,"85318"
Wald,oben-am-see,l,"96823"
Wald,wycheley,l,"48731"
Wald,oben-am-see,l,"142057"
Wald,wycheley,l,"200070"
Wald,wycheley,l,"19860"
Wald,oben-am-see,l,"1010093"
Wald,wycheley,l,"1512139"
Wald,hafeli,l,"974437"
Wald,grindelwald,p,"90138"
Wald,grindelwald,p,"140446"
Wald,charmey,p,"785670"
Wald,charmey,p,"166971"
Wald,villars,p,"599661"
Wald,baye-de-montreux-g,l,"361176"
Wald,les-paccots,p,"1288357"
Wald,baye-de-montreux-d,l,"362298"
Wald,cabanes-des-diablerets,p,"85374"
Wald,cabanes-des-diablerets,p,"392987"
Wald,villars,p,"343950"
Wald,les-diablerets,p,"3164697"
Wald,isole-di-brissago-porto,l,"278134"
Wald,route-13,r,"149603"
Wald,ascona-traghetto-spiaggia,l,"822877"
Wald,val-calanca,p,"97591"
Wald,leuk-mattenstrasse,r,"278462"
Wald,crans-montana,p,"1154427"
Wald,leuk-mattenstrasse,r,"245404"
Wald,tschilljus,r,"1952"
Wald,val-calanca,p,"3837400"
Wald,villars,p,"15947"
Wald,via-brunari-spiaggia,r,"2588373"
Wald,golene-gudo,r,"1642545"
Wald,rivapiana,l,"101917"
Wald,via-mirasole-spiaggia,r,"2321950"
Wald,canale-saleggi,r,"2395161"
Wald,route-13,r,"208581"
Wald,lavey-les-bains-2,r,"1424198"
Wald,lavey-la-source,r,"2297429"
Wald,lavey-les-bains,r,"1340550"
Wald,lavey-les-bains-2,r,"47092"
Wald,lavey-les-bains,r,"3605"
Wald,les-crosets,p,"764451"
Wald,les-crosets,p,"19426"
Wald,verbier,p,"125577"
Wald,plage-de-cheyres,l,"1032377"
Wald,nouvelle-plage,l,"30244"
Wald,ruisseau-de-la-croix-plage,l,"996256"
Wald,rhein_domatems_foppa_f,r,"2636068"
Wald,verbier,p,"216290"
Wald,les-glariers,r,"300955"
Wald,nendaz,p,"3526193"
Wald,veysonnaz,p,"1560963"
Wald,les-glariers,r,"190751"
Wald,les-vieux-ronquoz,r,"5070"
Wald,la-tzoumaz,p,"3019104"
Wald,lavey-les-bains-2,r,"329958"
Wald,lavey-la-source,r,"1171138"
Wald,lavey-les-bains,r,"780626"
Reben,ligerz-strand,l,"14595"
Reben,bielersee_vinelz_fankhausers,l,"96120"
Reben,erlach-camping-strand,l,"97841"
Reben,gals-reserve,l,"112488"
Sumpf,bielersee_vinelz_fankhausers,l,"106750"
Sumpf,erlach-camping-strand,l,"130694"
Sumpf,gals-reserve,l,"16805"
Sumpf,gummligrabbe,r,"453882"
Siedl,val-calanca,p,"10617"
Fels,grindelwald,p,"216716"
Fels,grindelwald,p,"1"
Reben,augustmutzenbergstrandweg,l,"63344"
Geroell,sihl_zuerich_eichenbergerd,r,"58014"
Geroell,sihl_zurich_himmelhebern,r,"35238"
Geroell,sihl_leimbach_kruegerm,r,"72"
Sumpf,sentiero-giro-del-golf-spiaggia,l,"277811"
Sumpf,greifensee_greifensee_simmenc,l,"168625"
Sumpf,greifensee_fallanden_meistery,l,"257634"
Sumpf,greifensee_fallanden_simmenc,l,"162367"
Siedl,ognonnaz-1,r,"1207"
Gletscher,cabanes-des-diablerets,p,"92714"
Gletscher,cabanes-des-diablerets,p,"282741"
Fels,les-glariers,r,"124894"
Geroell,les-glariers,r,"91843"
Wald,morgins,p,"4058565"
Wald,grand-clos,l,"1802934"
Wald,arve_carouge_battistellak,r,"288822"
Wald,arve_carouge_battistellak,r,"296973"
Wald,hafeli,l,"138378"
Sumpf,reuss_ottenbach_schoenenbergerl,r,"652180"
Sumpf,reuss_ottenbach_schoenenbergerl,r,"170094"
Sumpf,reuss_ottenbach_schoenenbergerl,r,"73343"
Geroell,oberi-chlihochstetten,r,"213680"
Geroell,sitter_gaiserwald_buehlerf,r,"194207"
Geroell,sitter_stgallen_steinbrunnerf,r,"209932"
Wald,magadino-lido,l,"1622520"
Wald,vira-gambarogno,l,"1940413"
Wald,pacha-mama-gerra,l,"1995281"
Wald,gerra-gambarogno,l,"2266674"
Wald,san-nazzaro-gambarogno,l,"1776045"
Wald,vira-spiaggia-left-of-river,l,"2038923"
Obstanlage,bodensee_steinach_dolder_a,l,"482081"
Obstanlage,goldach_goldach_schlachterj,r,"15711"
Obstanlage,bodensee_horn_huberm,l,"767385"
Siedl,thur_schwarzenbach_meiliw,r,"83983"
Sumpf,pfafikon-bad,l,"6989"
Sumpf,bodensee_thal_schlachterj_1,l,"93265"
Sumpf,bodensee_altenrhein_caluoria,l,"87230"
Sumpf,reuss_ottenbach_schoenenbergerl,r,"107994"
Sumpf,zugerseecholler_cham_blarerm,l,"186588"
Wald,la-berra,p,"185207"
Geroell,cabanes-des-diablerets,p,"45145"
Geroell,tschilljus,r,"196870"
Fels,leuk-mattenstrasse,r,"2122"
Sumpf,les-crosets,p,"182958"
Reben,les-glariers,r,"277706"
Siedl,magadino-lido,l,"58558"
Siedl,vira-gambarogno,l,"365223"
Siedl,vira-spiaggia-left-of-river,l,"365223"
Wald,sihl_zuerich_eggerskoehlingera,r,"17782"
Sumpf,pfafikon-bad,l,"192170"
Siedl,murg-bad,l,"1323"
Wald,pacha-mama-gerra,l,"219379"
Wald,gerra-gambarogno,l,"219379"
Wald,san-nazzaro-gambarogno,l,"219379"
Sumpf,goldach_goldach_schlachterj,r,"37777"
Sumpf,oberi-chlihochstetten,r,"107144"
Siedl,plage-de-cheyres,l,"17"
Siedl,schutzenmatte,r,"7463"
Wald,bielersee_vinelz_fankhausers,l,"534"
Wald,erlach-camping-strand,l,"173915"
Wald,camp-des-peches,l,"187287"
Wald,gals-reserve,l,"196937"
Siedl,reuss_hunenberg_eberhardy,r,"86310"
Siedl,sempachersee_sempach_tampec,l,"83604"
Siedl,la-pecherie,l,"53291"
Siedl,rolle-plage,l,"228483"
Reben,tolochenaz,l,"33905"
Obstanlage,emme_biberist_jennim,r,"28882"
Siedl,bielersee_vinelz_fankhausers,l,"109206"
Siedl,erlach-camping-strand,l,"530"
Siedl,plage-de-cheyres,l,"95034"
Siedl,ruisseau-de-la-croix-plage,l,"107555"
Sumpf,bodensee_thal_schlachterj_1,l,"209428"
Sumpf,bodensee_altenrhein_caluoria,l,"222621"
Siedl,toss_kollbrunn_burgid,r,"45393"
Siedl,toss_bauma_kurthe,r,"138776"
Siedl,urnaesch_urnaesch_meierr,r,"181756"
Siedl,schmerikon-bahnhof-strand,l,"43462"
Geroell,cabanes-des-diablerets,p,"46433"
